Month,Predicted_Sales
11,2533.333333333333
12,2684.848484848485
13,2836.363636363636
